booking_id,customer_id,driver_id,vehicle_type,booking_date,ride_distance_km,fare_amount,payment_method,booking_status,customer_rating,driver_rating
1,1009,597,Mini,2024-01-01 00:00:00,29.71,569.06,Card,Cancelled by Driver,4.7,4.3
2,1015,511,Auto,2024-01-01 01:00:00,8.48,289.09,Card,Cancelled by Customer,3.9,3.1
3,1064,578,Prime Sedan,2024-01-01 02:00:00,28.58,890.9,Wallet,Cancelled by Driver,4.3,3.8
4,1028,579,Micro,2024-01-01 03:00:00,19.22,571.03,Wallet,Completed,4.5,5.0
5,1089,521,Prime Sedan,2024-01-01 04:00:00,21.75,259.26,Cash,Cancelled by Driver,4.3,4.7
6,1093,569,Micro,2024-01-01 05:00:00,18.81,892.13,Cash,Completed,3.4,3.1
7,1029,548,Micro,2024-01-01 06:00:00,22.75,782.48,Card,Incomplete,4.7,3.5
8,1008,560,Micro,2024-01-01 07:00:00,1.18,375.3,Card,Cancelled by Customer,4.7,4.3
9,1073,558,Prime SUV,2024-01-01 08:00:00,1.84,625.63,UPI,Cancelled by Driver,3.8,3.1
10,1000,513,Micro,2024-01-01 09:00:00,24.46,846.45,Card,Cancelled by Customer,4.3,3.9
11,1040,503,Micro,2024-01-01 10:00:00,6.83,547.26,Wallet,Completed,3.9,4.2
12,1036,531,Micro,2024-01-01 11:00:00,24.59,593.68,Cash,Completed,4.2,4.2
13,1016,576,Prime Sedan,2024-01-01 12:00:00,10.7,475.19,Wallet,Cancelled by Driver,4.0,4.8
14,1011,587,Micro,2024-01-01 13:00:00,2.87,895.86,UPI,Cancelled by Customer,3.3,4.0
15,1054,517,Auto,2024-01-01 14:00:00,20.8,846.78,Wallet,Completed,4.9,3.9
16,1088,529,Prime Sedan,2024-01-01 15:00:00,11.06,122.6,UPI,Cancelled by Customer,3.5,3.6
17,1062,569,Mini,2024-01-01 16:00:00,11.98,458.71,Wallet,Cancelled by Customer,4.8,3.9
18,1033,550,Prime SUV,2024-01-01 17:00:00,33.88,371.98,Cash,Cancelled by Driver,3.5,3.4
19,1072,551,Prime Sedan,2024-01-01 18:00:00,7.63,224.61,Wallet,Completed,3.5,3.3
20,1078,520,Micro,2024-01-01 19:00:00,12.81,336.52,Card,Cancelled by Driver,4.4,3.0
21,1049,505,Auto,2024-01-01 20:00:00,4.54,673.8,UPI,Incomplete,4.7,3.6
22,1051,570,Prime SUV,2024-01-01 21:00:00,14.66,489.61,Card,Cancelled by Customer,3.4,4.6
23,1054,561,Mini,2024-01-01 22:00:00,4.16,346.64,Card,Cancelled by Driver,3.9,3.1
24,1077,516,Micro,2024-01-01 23:00:00,18.16,835.96,Wallet,Completed,3.4,4.4
25,1069,574,Mini,2024-01-02 00:00:00,26.25,656.6,Wallet,Cancelled by Customer,5.0,4.9
26,1013,504,Mini,2024-01-02 01:00:00,1.18,321.38,Cash,Incomplete,4.0,4.7
27,1025,522,Prime SUV,2024-01-02 02:00:00,4.07,734.52,Cash,Cancelled by Driver,4.7,4.4
28,1013,519,Mini,2024-01-02 03:00:00,2.91,898.91,Cash,Cancelled by Driver,3.8,4.0
29,1092,585,Mini,2024-01-02 04:00:00,31.07,663.44,Card,Completed,3.1,4.1
30,1086,573,Prime Sedan,2024-01-02 05:00:00,34.51,479.86,Card,Incomplete,3.6,4.0
31,1030,535,Auto,2024-01-02 06:00:00,18.69,736.37,Cash,Completed,4.9,3.6
32,1030,535,Prime Sedan,2024-01-02 07:00:00,7.75,526.0,Cash,Cancelled by Driver,3.0,4.0
33,1089,511,Micro,2024-01-02 08:00:00,32.73,559.71,Cash,Completed,4.3,3.6
34,1012,541,Mini,2024-01-02 09:00:00,23.26,872.98,Card,Cancelled by Customer,5.0,4.8
35,1065,554,Prime Sedan,2024-01-02 10:00:00,27.92,854.15,Wallet,Incomplete,3.8,3.7
36,1031,582,Micro,2024-01-02 11:00:00,18.38,571.41,Cash,Cancelled by Driver,3.6,3.6
37,1057,519,Prime Sedan,2024-01-02 12:00:00,27.8,283.65,Cash,Completed,3.5,4.1
38,1036,541,Micro,2024-01-02 13:00:00,12.38,496.28,Cash,Cancelled by Driver,3.8,3.9
39,1027,581,Micro,2024-01-02 14:00:00,4.85,448.52,UPI,Cancelled by Customer,3.3,4.2
40,1018,561,Auto,2024-01-02 15:00:00,31.76,364.78,Wallet,Incomplete,3.6,3.9
41,1093,510,Prime Sedan,2024-01-02 16:00:00,1.14,583.0,Wallet,Cancelled by Customer,4.0,4.3
42,1077,536,Micro,2024-01-02 17:00:00,3.5,175.75,UPI,Incomplete,3.9,3.1
43,1022,500,Auto,2024-01-02 18:00:00,5.5,192.61,Card,Cancelled by Driver,4.2,4.7
44,1023,530,Mini,2024-01-02 19:00:00,33.03,875.75,UPI,Completed,4.6,4.2
45,1094,562,Auto,2024-01-02 20:00:00,11.3,862.32,Cash,Cancelled by Customer,3.6,4.0
46,1011,585,Prime Sedan,2024-01-02 21:00:00,8.25,404.0,Cash,Completed,4.9,3.5
47,1028,532,Mini,2024-01-02 22:00:00,9.69,890.06,UPI,Completed,3.3,4.1
48,1074,581,Mini,2024-01-02 23:00:00,4.26,674.58,Wallet,Incomplete,4.8,3.7
49,1088,513,Auto,2024-01-03 00:00:00,14.66,839.39,Card,Cancelled by Customer,4.0,3.6
50,1009,567,Prime SUV,2024-01-03 01:00:00,25.85,365.44,Card,Incomplete,3.7,3.2
51,1015,531,Prime SUV,2024-01-03 02:00:00,23.04,774.08,UPI,Completed,3.7,3.8
52,1018,532,Mini,2024-01-03 03:00:00,9.53,583.94,Card,Cancelled by Driver,3.6,4.2
53,1080,596,Micro,2024-01-03 04:00:00,8.73,773.45,Wallet,Cancelled by Driver,3.8,4.9
54,1071,538,Micro,2024-01-03 05:00:00,17.86,170.27,Wallet,Completed,3.0,3.9
55,1088,537,Prime Sedan,2024-01-03 06:00:00,30.4,380.4,Card,Cancelled by Customer,3.0,4.4
56,1011,579,Prime Sedan,2024-01-03 07:00:00,22.56,443.36,UPI,Cancelled by Driver,3.5,4.0
57,1017,559,Prime SUV,2024-01-03 08:00:00,26.65,742.12,Card,Completed,4.0,3.3
58,1046,520,Prime Sedan,2024-01-03 09:00:00,15.86,293.66,Card,Completed,3.4,3.2
59,1007,531,Mini,2024-01-03 10:00:00,14.61,102.67,UPI,Incomplete,4.0,3.3
60,1075,589,Auto,2024-01-03 11:00:00,25.58,410.93,Card,Incomplete,4.2,3.2
61,1028,500,Prime SUV,2024-01-03 12:00:00,13.66,837.27,Cash,Incomplete,4.2,3.4
62,1033,596,Prime SUV,2024-01-03 13:00:00,19.79,222.1,Card,Cancelled by Customer,4.6,4.3
63,1084,525,Prime Sedan,2024-01-03 14:00:00,3.74,700.0,Wallet,Cancelled by Driver,4.2,3.6
64,1096,563,Prime SUV,2024-01-03 15:00:00,21.21,857.99,UPI,Incomplete,4.3,3.1
65,1088,559,Auto,2024-01-03 16:00:00,10.55,300.62,Wallet,Cancelled by Customer,4.2,4.4
66,1044,502,Auto,2024-01-03 17:00:00,26.24,225.95,Cash,Cancelled by Driver,3.7,4.5
67,1005,530,Prime Sedan,2024-01-03 18:00:00,11.16,374.44,Cash,Completed,3.4,4.8
68,1004,517,Prime SUV,2024-01-03 19:00:00,26.76,333.86,Card,Cancelled by Customer,4.3,4.5
69,1071,559,Micro,2024-01-03 20:00:00,8.7,316.33,Card,Completed,3.4,4.7
70,1088,570,Micro,2024-01-03 21:00:00,1.15,479.59,Wallet,Cancelled by Driver,4.2,4.6
71,1088,563,Prime Sedan,2024-01-03 22:00:00,5.75,546.88,UPI,Incomplete,4.7,4.4
72,1050,586,Mini,2024-01-03 23:00:00,11.06,105.08,UPI,Cancelled by Driver,4.1,4.1
73,1054,529,Mini,2024-01-04 00:00:00,7.65,774.77,Card,Cancelled by Customer,3.3,4.4
74,1034,571,Auto,2024-01-04 01:00:00,19.66,208.83,UPI,Completed,4.1,4.5
75,1015,592,Auto,2024-01-04 02:00:00,8.14,709.95,Card,Incomplete,4.7,4.6
76,1077,519,Auto,2024-01-04 03:00:00,27.47,165.95,Card,Cancelled by Customer,3.4,4.5
77,1088,500,Mini,2024-01-04 04:00:00,17.48,711.01,Wallet,Completed,4.2,4.2
78,1015,507,Micro,2024-01-04 05:00:00,22.74,390.71,Cash,Incomplete,3.0,3.5
79,1006,593,Prime SUV,2024-01-04 06:00:00,6.7,293.4,Cash,Cancelled by Driver,4.2,4.3
80,1085,542,Micro,2024-01-04 07:00:00,32.44,706.9,Card,Completed,4.8,3.8
81,1022,587,Micro,2024-01-04 08:00:00,25.39,144.66,Wallet,Cancelled by Driver,3.3,4.8
82,1011,557,Mini,2024-01-04 09:00:00,6.26,459.02,UPI,Cancelled by Customer,3.5,4.6
83,1012,580,Prime Sedan,2024-01-04 10:00:00,25.6,820.66,UPI,Completed,4.8,3.8
84,1092,502,Prime Sedan,2024-01-04 11:00:00,7.34,825.83,Cash,Completed,3.4,4.4
85,1096,534,Prime SUV,2024-01-04 12:00:00,29.21,475.11,Wallet,Completed,4.5,4.2
86,1062,558,Prime SUV,2024-01-04 13:00:00,7.69,764.84,UPI,Completed,4.1,3.4
87,1057,576,Micro,2024-01-04 14:00:00,33.68,634.31,UPI,Cancelled by Customer,3.5,4.7
88,1079,510,Micro,2024-01-04 15:00:00,19.62,309.37,Cash,Incomplete,4.6,4.5
89,1042,579,Prime Sedan,2024-01-04 16:00:00,8.58,386.05,Wallet,Incomplete,3.9,4.7
90,1057,532,Micro,2024-01-04 17:00:00,8.23,842.1,Wallet,Completed,4.7,3.4
91,1097,569,Prime SUV,2024-01-04 18:00:00,22.35,805.68,UPI,Cancelled by Customer,4.0,3.5
92,1050,591,Mini,2024-01-04 19:00:00,22.53,866.1,Wallet,Completed,4.6,3.8
93,1045,516,Mini,2024-01-04 20:00:00,11.31,276.96,Card,Cancelled by Driver,3.8,4.9
94,1040,505,Micro,2024-01-04 21:00:00,28.76,220.69,Card,Cancelled by Customer,4.7,5.0
95,1089,563,Micro,2024-01-04 22:00:00,15.25,198.58,UPI,Cancelled by Customer,4.6,4.1
96,1073,583,Prime Sedan,2024-01-04 23:00:00,28.67,482.37,UPI,Completed,3.9,4.9
97,1037,575,Auto,2024-01-05 00:00:00,10.02,305.94,Wallet,Cancelled by Customer,3.3,3.6
98,1000,542,Prime Sedan,2024-01-05 01:00:00,34.44,857.15,Cash,Cancelled by Driver,3.0,5.0
99,1018,538,Mini,2024-01-05 02:00:00,30.66,492.75,UPI,Completed,4.1,3.7
100,1023,557,Mini,2024-01-05 03:00:00,16.25,676.71,Cash,Cancelled by Customer,3.4,3.7
101,1003,507,Mini,2024-01-05 04:00:00,12.4,896.99,Wallet,Cancelled by Driver,4.4,4.2
102,1029,588,Prime Sedan,2024-01-05 05:00:00,2.01,448.27,UPI,Cancelled by Driver,3.2,3.3
103,1016,596,Prime SUV,2024-01-05 06:00:00,34.69,117.17,Wallet,Completed,3.4,4.7
104,1084,538,Auto,2024-01-05 07:00:00,24.15,112.08,Card,Completed,3.2,4.8
105,1082,548,Prime Sedan,2024-01-05 08:00:00,7.43,477.36,Card,Cancelled by Customer,4.3,4.2
106,1014,527,Auto,2024-01-05 09:00:00,2.53,610.43,UPI,Cancelled by Customer,4.0,3.2
107,1051,564,Mini,2024-01-05 10:00:00,1.45,184.44,Cash,Completed,4.8,3.9
108,1079,549,Micro,2024-01-05 11:00:00,23.5,275.73,UPI,Completed,4.9,3.4
109,1017,590,Micro,2024-01-05 12:00:00,4.66,687.95,Wallet,Completed,3.4,3.3
110,1050,509,Auto,2024-01-05 13:00:00,11.54,670.5,Cash,Cancelled by Driver,4.2,4.3
111,1053,527,Prime SUV,2024-01-05 14:00:00,11.47,868.31,Cash,Cancelled by Driver,4.8,3.5
112,1025,552,Micro,2024-01-05 15:00:00,4.99,685.07,Cash,Completed,4.9,3.7
113,1048,590,Auto,2024-01-05 16:00:00,33.2,772.04,Cash,Cancelled by Driver,4.7,3.7
114,1017,557,Auto,2024-01-05 17:00:00,34.23,575.41,Cash,Incomplete,3.6,4.6
115,1032,548,Prime Sedan,2024-01-05 18:00:00,31.75,645.59,Wallet,Cancelled by Driver,4.8,4.7
116,1081,523,Mini,2024-01-05 19:00:00,28.07,668.65,Card,Cancelled by Driver,3.7,3.2
117,1080,525,Prime Sedan,2024-01-05 20:00:00,3.22,240.49,Wallet,Cancelled by Driver,4.3,3.5
118,1041,519,Micro,2024-01-05 21:00:00,25.38,405.51,Cash,Completed,4.4,4.0
119,1090,548,Micro,2024-01-05 22:00:00,16.5,419.02,Cash,Cancelled by Driver,3.1,4.6
120,1012,597,Micro,2024-01-05 23:00:00,6.15,409.71,Cash,Completed,3.3,3.0
121,1030,576,Prime SUV,2024-01-06 00:00:00,22.99,249.86,UPI,Cancelled by Driver,3.7,4.1
122,1081,575,Prime SUV,2024-01-06 01:00:00,1.99,438.71,UPI,Completed,3.4,3.1
123,1017,593,Prime SUV,2024-01-06 02:00:00,26.62,690.38,Cash,Cancelled by Customer,3.1,4.1
124,1016,530,Prime Sedan,2024-01-06 03:00:00,31.25,892.1,Card,Incomplete,4.8,4.9
125,1000,531,Mini,2024-01-06 04:00:00,1.35,155.07,Cash,Cancelled by Driver,3.5,3.3
126,1031,528,Mini,2024-01-06 05:00:00,12.13,781.96,Wallet,Completed,4.0,3.2
127,1073,579,Mini,2024-01-06 06:00:00,29.17,727.8,Wallet,Incomplete,3.7,4.0
128,1064,584,Mini,2024-01-06 07:00:00,4.83,483.47,Wallet,Incomplete,4.8,3.5
129,1038,521,Micro,2024-01-06 08:00:00,1.84,338.03,Card,Incomplete,4.9,3.0
130,1022,584,Mini,2024-01-06 09:00:00,28.69,486.63,Cash,Cancelled by Customer,3.6,3.3
131,1096,599,Prime Sedan,2024-01-06 10:00:00,9.46,414.31,Card,Incomplete,4.5,4.6
132,1066,546,Auto,2024-01-06 11:00:00,9.47,819.76,UPI,Completed,3.8,4.9
133,1067,546,Micro,2024-01-06 12:00:00,6.38,324.01,Wallet,Cancelled by Driver,3.5,5.0
134,1062,545,Auto,2024-01-06 13:00:00,10.39,175.69,UPI,Incomplete,4.3,4.0
135,1095,594,Auto,2024-01-06 14:00:00,15.58,503.61,Card,Incomplete,3.1,3.3
136,1099,584,Prime Sedan,2024-01-06 15:00:00,9.79,242.21,Cash,Incomplete,4.1,4.4
137,1027,520,Mini,2024-01-06 16:00:00,13.48,285.14,Card,Completed,4.9,4.9
138,1082,549,Micro,2024-01-06 17:00:00,12.88,658.2,Wallet,Cancelled by Customer,4.4,3.9
139,1062,533,Prime Sedan,2024-01-06 18:00:00,12.32,808.15,Cash,Incomplete,3.6,3.5
140,1077,502,Prime SUV,2024-01-06 19:00:00,11.31,817.13,Card,Cancelled by Driver,5.0,4.4
141,1048,597,Micro,2024-01-06 20:00:00,11.71,745.45,Cash,Cancelled by Customer,4.6,3.3
142,1093,597,Prime SUV,2024-01-06 21:00:00,10.19,729.63,Wallet,Completed,3.0,3.2
143,1075,598,Prime Sedan,2024-01-06 22:00:00,31.61,749.23,Card,Incomplete,4.5,4.3
144,1086,512,Auto,2024-01-06 23:00:00,33.88,359.65,UPI,Completed,4.5,3.2
145,1037,582,Mini,2024-01-07 00:00:00,31.49,596.67,Card,Incomplete,3.8,3.3
146,1011,577,Prime Sedan,2024-01-07 01:00:00,13.69,245.27,UPI,Cancelled by Customer,4.6,4.9
147,1021,566,Micro,2024-01-07 02:00:00,23.04,782.12,Cash,Completed,4.6,4.3
148,1033,537,Micro,2024-01-07 03:00:00,11.59,866.27,UPI,Completed,3.3,5.0
149,1095,531,Micro,2024-01-07 04:00:00,28.54,302.07,Cash,Cancelled by Customer,3.1,4.6
150,1043,556,Auto,2024-01-07 05:00:00,28.36,155.55,Card,Cancelled by Customer,4.7,3.0
151,1088,581,Prime Sedan,2024-01-07 06:00:00,28.01,683.56,Wallet,Cancelled by Driver,3.2,3.4
152,1096,587,Mini,2024-01-07 07:00:00,4.79,833.64,Wallet,Cancelled by Driver,4.4,3.3
153,1073,581,Mini,2024-01-07 08:00:00,28.59,774.77,Card,Cancelled by Customer,3.9,4.1
154,1040,555,Mini,2024-01-07 09:00:00,27.5,110.45,Wallet,Cancelled by Driver,4.9,4.8
155,1043,597,Prime SUV,2024-01-07 10:00:00,31.09,444.7,Card,Completed,4.0,4.6
156,1090,574,Mini,2024-01-07 11:00:00,11.96,416.32,Cash,Completed,4.0,4.6
157,1071,515,Prime Sedan,2024-01-07 12:00:00,4.64,437.13,UPI,Incomplete,4.4,4.4
158,1008,579,Prime Sedan,2024-01-07 13:00:00,6.48,212.19,Card,Cancelled by Driver,3.8,3.5
159,1085,580,Auto,2024-01-07 14:00:00,23.87,708.99,Cash,Incomplete,4.3,4.9
160,1072,538,Micro,2024-01-07 15:00:00,25.28,653.97,Cash,Incomplete,4.7,3.1
161,1028,555,Mini,2024-01-07 16:00:00,9.07,589.46,Card,Cancelled by Customer,3.7,3.5
162,1030,549,Prime Sedan,2024-01-07 17:00:00,28.39,843.13,Cash,Incomplete,3.1,4.0
163,1089,590,Prime Sedan,2024-01-07 18:00:00,32.22,672.33,UPI,Incomplete,3.5,4.7
164,1025,502,Mini,2024-01-07 19:00:00,34.48,358.46,Wallet,Incomplete,4.7,4.7
165,1078,570,Prime Sedan,2024-01-07 20:00:00,34.9,752.84,Cash,Cancelled by Customer,4.3,3.3
166,1081,597,Micro,2024-01-07 21:00:00,18.54,857.62,UPI,Cancelled by Customer,4.2,4.5
167,1085,505,Prime SUV,2024-01-07 22:00:00,24.8,229.08,Wallet,Cancelled by Driver,3.7,3.6
168,1062,572,Micro,2024-01-07 23:00:00,3.6,523.18,Wallet,Cancelled by Customer,4.6,4.5
169,1013,529,Auto,2024-01-08 00:00:00,31.64,723.47,Wallet,Cancelled by Customer,3.6,4.7
170,1041,519,Prime Sedan,2024-01-08 01:00:00,28.66,386.26,UPI,Incomplete,3.1,3.8
171,1033,525,Auto,2024-01-08 02:00:00,13.21,394.96,Card,Completed,4.9,4.4
172,1004,515,Mini,2024-01-08 03:00:00,34.17,660.94,UPI,Cancelled by Customer,3.4,4.8
173,1087,554,Micro,2024-01-08 04:00:00,14.12,542.47,Wallet,Incomplete,3.4,3.9
174,1094,599,Auto,2024-01-08 05:00:00,1.55,598.2,Wallet,Incomplete,4.1,4.5
175,1028,596,Auto,2024-01-08 06:00:00,1.63,264.22,Card,Completed,3.7,3.0
176,1039,582,Prime SUV,2024-01-08 07:00:00,19.5,614.55,Wallet,Completed,4.5,3.1
177,1091,556,Prime SUV,2024-01-08 08:00:00,16.07,496.89,Wallet,Completed,4.3,4.0
178,1009,541,Auto,2024-01-08 09:00:00,1.87,625.55,Card,Cancelled by Driver,4.9,3.6
179,1007,590,Auto,2024-01-08 10:00:00,13.52,334.41,Wallet,Cancelled by Driver,4.7,3.4
180,1022,526,Prime Sedan,2024-01-08 11:00:00,15.29,213.01,Wallet,Cancelled by Customer,3.9,3.3
181,1032,574,Prime SUV,2024-01-08 12:00:00,14.78,769.4,Wallet,Completed,4.7,3.5
182,1003,508,Mini,2024-01-08 13:00:00,34.93,190.53,Wallet,Completed,4.3,3.6
183,1009,592,Prime SUV,2024-01-08 14:00:00,6.33,189.59,UPI,Cancelled by Customer,4.4,4.5
184,1052,532,Prime Sedan,2024-01-08 15:00:00,15.86,467.13,Cash,Incomplete,4.9,3.3
185,1076,571,Mini,2024-01-08 16:00:00,10.19,431.97,Cash,Completed,3.5,4.3
186,1068,587,Prime Sedan,2024-01-08 17:00:00,33.94,856.34,Wallet,Incomplete,4.6,3.4
187,1030,568,Micro,2024-01-08 18:00:00,21.05,429.71,Card,Incomplete,4.3,4.2
188,1070,586,Auto,2024-01-08 19:00:00,24.94,360.65,Cash,Cancelled by Driver,4.3,3.1
189,1074,514,Prime Sedan,2024-01-08 20:00:00,23.1,357.17,Card,Cancelled by Customer,3.8,3.8
190,1030,535,Prime Sedan,2024-01-08 21:00:00,26.68,299.37,UPI,Incomplete,3.3,4.5
191,1009,584,Prime Sedan,2024-01-08 22:00:00,31.1,691.14,UPI,Completed,4.7,3.5
192,1002,537,Micro,2024-01-08 23:00:00,9.6,123.24,Cash,Incomplete,3.3,4.8
193,1065,562,Micro,2024-01-09 00:00:00,8.75,618.68,Wallet,Cancelled by Customer,4.2,3.5
194,1013,567,Prime Sedan,2024-01-09 01:00:00,21.49,152.02,Wallet,Completed,4.0,4.9
195,1075,514,Micro,2024-01-09 02:00:00,9.03,292.15,Cash,Incomplete,3.7,3.6
196,1052,537,Auto,2024-01-09 03:00:00,25.85,172.36,Wallet,Cancelled by Customer,3.2,4.2
197,1005,557,Prime SUV,2024-01-09 04:00:00,23.58,708.77,Card,Completed,4.3,3.3
198,1093,578,Auto,2024-01-09 05:00:00,9.14,272.26,Cash,Incomplete,4.3,4.6
199,1084,534,Micro,2024-01-09 06:00:00,7.32,644.41,Cash,Cancelled by Customer,4.5,3.4
200,1048,551,Prime SUV,2024-01-09 07:00:00,11.63,479.89,Wallet,Incomplete,3.5,3.1
201,1062,550,Auto,2024-01-09 08:00:00,13.46,844.65,Card,Cancelled by Driver,4.8,3.7
202,1042,550,Micro,2024-01-09 09:00:00,21.06,226.38,Wallet,Incomplete,3.6,3.6
203,1034,585,Mini,2024-01-09 10:00:00,26.81,484.99,Cash,Cancelled by Driver,4.4,4.8
204,1040,514,Mini,2024-01-09 11:00:00,11.96,172.87,UPI,Cancelled by Customer,4.1,3.4
205,1046,552,Micro,2024-01-09 12:00:00,18.07,241.17,UPI,Incomplete,3.8,4.3
206,1032,530,Prime Sedan,2024-01-09 13:00:00,20.85,158.9,Card,Completed,3.6,3.1
207,1094,581,Micro,2024-01-09 14:00:00,10.06,375.19,Wallet,Cancelled by Driver,3.4,4.8
208,1086,510,Mini,2024-01-09 15:00:00,25.27,641.59,Card,Cancelled by Driver,4.3,4.3
209,1058,561,Prime Sedan,2024-01-09 16:00:00,16.55,322.11,UPI,Cancelled by Customer,4.6,3.9
210,1069,523,Micro,2024-01-09 17:00:00,23.11,348.37,Card,Cancelled by Customer,3.6,3.2
211,1045,501,Prime SUV,2024-01-09 18:00:00,18.09,143.57,Card,Cancelled by Driver,3.6,5.0
212,1018,528,Mini,2024-01-09 19:00:00,15.67,342.07,UPI,Completed,3.4,4.5
213,1050,558,Prime SUV,2024-01-09 20:00:00,25.4,784.19,Cash,Completed,4.7,4.9
214,1044,510,Micro,2024-01-09 21:00:00,1.42,554.28,Wallet,Cancelled by Customer,4.9,4.2
215,1001,511,Micro,2024-01-09 22:00:00,3.73,876.06,Wallet,Incomplete,3.4,3.9
216,1063,501,Auto,2024-01-09 23:00:00,20.6,653.54,Card,Cancelled by Customer,4.0,3.2
217,1077,582,Mini,2024-01-10 00:00:00,28.66,206.16,UPI,Incomplete,3.9,3.0
218,1018,534,Prime Sedan,2024-01-10 01:00:00,20.09,228.29,Wallet,Cancelled by Customer,4.2,3.9
219,1027,511,Mini,2024-01-10 02:00:00,21.52,412.76,Card,Cancelled by Driver,4.0,3.9
220,1083,546,Micro,2024-01-10 03:00:00,8.5,238.28,Wallet,Cancelled by Customer,3.6,3.5
221,1037,574,Mini,2024-01-10 04:00:00,32.26,121.6,Wallet,Cancelled by Customer,4.7,3.6
222,1071,536,Prime SUV,2024-01-10 05:00:00,7.99,283.27,Cash,Incomplete,3.6,3.5
223,1088,506,Prime SUV,2024-01-10 06:00:00,24.4,421.57,Wallet,Completed,3.6,3.5
224,1015,563,Prime SUV,2024-01-10 07:00:00,13.76,512.47,Cash,Cancelled by Customer,4.2,4.8
225,1055,560,Mini,2024-01-10 08:00:00,8.19,268.12,UPI,Cancelled by Customer,3.6,4.5
226,1006,503,Prime SUV,2024-01-10 09:00:00,28.91,232.09,Card,Incomplete,3.6,3.7
227,1044,550,Mini,2024-01-10 10:00:00,4.9,651.96,UPI,Completed,4.0,4.0
228,1009,559,Prime SUV,2024-01-10 11:00:00,27.28,176.15,UPI,Cancelled by Customer,4.3,4.8
229,1050,534,Prime SUV,2024-01-10 12:00:00,17.42,378.66,Card,Incomplete,4.0,4.5
230,1000,521,Prime Sedan,2024-01-10 13:00:00,33.29,747.17,UPI,Completed,4.5,3.4
231,1044,516,Prime Sedan,2024-01-10 14:00:00,19.69,467.71,Cash,Cancelled by Customer,3.4,3.7
232,1068,518,Prime SUV,2024-01-10 15:00:00,18.83,600.9,Card,Cancelled by Customer,4.0,3.1
233,1014,561,Auto,2024-01-10 16:00:00,30.7,262.92,Cash,Incomplete,4.8,3.6
234,1004,554,Prime SUV,2024-01-10 17:00:00,22.99,174.94,Cash,Completed,4.0,4.8
235,1006,560,Micro,2024-01-10 18:00:00,12.19,880.42,Cash,Completed,4.9,3.0
236,1042,521,Auto,2024-01-10 19:00:00,1.36,393.88,Wallet,Incomplete,4.3,4.8
237,1073,587,Prime Sedan,2024-01-10 20:00:00,5.66,561.03,UPI,Cancelled by Driver,3.1,4.4
238,1044,583,Prime Sedan,2024-01-10 21:00:00,27.19,296.75,Cash,Cancelled by Customer,3.5,3.0
239,1090,571,Prime Sedan,2024-01-10 22:00:00,29.32,893.97,Cash,Cancelled by Driver,4.2,4.0
240,1038,516,Auto,2024-01-10 23:00:00,23.6,553.02,UPI,Cancelled by Customer,4.0,3.7
241,1020,567,Prime Sedan,2024-01-11 00:00:00,20.57,513.43,Wallet,Cancelled by Driver,4.5,4.2
242,1009,538,Prime Sedan,2024-01-11 01:00:00,31.89,805.15,Card,Incomplete,3.5,4.7
243,1040,527,Prime SUV,2024-01-11 02:00:00,25.29,109.53,UPI,Cancelled by Driver,4.6,4.7
244,1016,596,Mini,2024-01-11 03:00:00,17.38,684.19,Cash,Completed,4.5,4.8
245,1075,587,Micro,2024-01-11 04:00:00,25.05,355.02,UPI,Cancelled by Customer,3.9,4.9
246,1039,598,Micro,2024-01-11 05:00:00,22.74,620.0,Card,Cancelled by Driver,4.4,4.8
247,1058,589,Mini,2024-01-11 06:00:00,1.85,760.26,Card,Incomplete,4.9,4.4
248,1081,516,Auto,2024-01-11 07:00:00,28.3,447.39,UPI,Completed,4.6,3.8
249,1039,582,Micro,2024-01-11 08:00:00,26.38,225.47,Card,Cancelled by Driver,3.2,4.3
250,1049,519,Mini,2024-01-11 09:00:00,14.16,481.89,Card,Cancelled by Driver,4.6,3.8
